Player_ID,Player,Team,Season,Minutes,Passes,Score,Distance,Vertical
647,A.J. DeLaGarza,NER,2022,314,147,-2.15,18.57,3.11
202,Aaron Herrera,RSL,2022,2497,1426,9.55,24.12,6.07
205,Aaron Long,NYRB,2022,2622,1034,6.50,22.15,10.13
606,Abdoul Zanne,DCU,2022,6,4,-1.91,15.57,2.99
655,Abdoulaye Cissoko,SEA,2022,457,261,1.92,20.85,7.70
281,Abu Danladi,MIN,2022,717,171,-5.92,15.05,0.68
148,Adalberto Carrasquilla,HOU,2022,2659,1280,-23.92,21.62,5.85
531,Adam Armour,CLT,2022,109,40,-1.56,16.66,2.26
142,Adam Buksa,NER,2022,888,169,1.44,14.33,0.15
305,Adam Lundkvist,HOU,2022,2847,1512,8.00,20.85,2.74
699,Adam Saldana,LAG,2022,17,9,0.36,18.25,-2.38
582,Adilson Malanda,CLT,2022,595,374,13.92,23.59,8.71
524,Adrián Cubas,VAN,2022,1462,719,31.52,19.59,6.20
513,Adrien Hunou,MIN,2022,168,40,-2.27,14.48,-1.17
586,Adrien Pérez,DCU,2022,151,64,-9.78,13.93,0.73
509,Ahmed Hamdi,MTL,2022,379,159,-7.05,13.79,-1.19
427,Aidan Morris,CLB,2022,2008,1077,-0.52,20.10,2.16
357,Aiden McFadden,ATL,2022,693,307,-5.38,16.65,1.02
633,Aimé Mabika,MIA,2022,1126,394,2.99,21.47,7.50
450,Aké Arnaud Loba,NSH,2022,421,67,-2.96,15.44,-0.81
428,Alan Benítez,MIN,2022,640,330,4.37,22.21,5.14
269,Alan Franco,ATL,2022,2993,1930,54.81,21.63,7.09
378,Alan Steven Franco,CLT,2022,849,312,-11.02,17.18,1.62
77,Alan Velasco,FCD,2022,2064,719,-17.34,20.24,1.49
166,Albert Rusnák,SEA,2022,2825,1687,45.57,20.05,4.47
96,Alejandro Bedoya,PHI,2022,2677,1142,13.37,16.40,4.21
25,Alejandro Pozuelo,"TOR, MIA",2022,2651,1559,21.57,16.67,2.77
540,Alessandro Schöpf,VAN,2022,368,147,7.43,15.88,-0.31
503,Alex De John,ATL,2022,462,285,3.17,20.20,7.23
532,Alex Monis,CHI,2022,5,0,0.00,0.00,0.00
145,Alex Muyl,NSH,2022,2208,874,0.91,17.44,2.76
214,Alex Roldan,SEA,2022,2851,1860,42.05,18.09,1.92
153,Alexander Callens,NYC,2022,2685,1622,46.90,19.95,6.87
87,Alexander Ring,ATX,2022,3066,1435,-14.21,21.23,5.42
93,Alexandre Pato,ORL,2022,1339,420,-10.10,19.77,5.09
485,Alexandru Matan,CLB,2022,58,27,-1.23,15.46,-0.05
339,Alfredo Morales,NYC,2022,2141,1245,39.83,19.07,4.91
613,Ali Ahmed,VAN,2022,62,29,0.29,19.47,-5.34
174,Alistair Johnston,MTL,2022,2929,1657,37.89,19.60,3.04
403,Allan Cruz,CIN,2022,459,164,2.67,17.79,3.82
116,Álvaro Barreal,CIN,2022,2406,1203,-2.26,20.37,3.46
253,Alvas Powell,CIN,2022,2094,826,-18.43,22.42,7.45
342,Amar Sejdic,ATL,2022,1403,745,-0.82,19.32,3.30
245,Anderson Julio,RSL,2022,619,111,-5.32,15.04,-4.55
657,Andre Reynolds,CHI,2022,470,168,-4.12,15.97,3.16
144,Andre Shinyashiki,"COL, CLT",2022,1226,437,-16.29,17.38,2.39
288,Andres Jasson,NYC,2022,541,247,-2.21,16.54,-1.16
430,Andrés Perea,ORL,2022,949,399,-5.97,16.47,1.48
553,Andrés Reyes,NYRB,2022,768,280,4.17,20.34,7.42
311,Andreu Fontàs,SKC,2022,2672,1864,41.07,23.67,8.35
167,Andrew Brody,RSL,2022,3229,1599,27.41,18.85,4.37
496,Andrew Farrell,NER,2022,3028,1735,33.02,24.27,10.77
120,Andrew Gutman,ATL,2022,2162,1045,-1.73,18.68,3.72
444,Andy Najar,DCU,2022,1816,949,15.56,21.12,5.68
421,Aníbal Godoy,NSH,2022,1025,532,10.20,18.87,2.74
529,Anthony Markanich,COL,2022,257,107,-0.19,19.53,3.24
399,Anton Tinnerholm,NYC,2022,661,302,12.00,18.09,1.89
589,Anton Walkes,CLT,2022,2005,1235,12.35,21.56,5.88
482,Antônio Carlos,ORL,2022,1804,872,16.93,23.63,8.32
81,Ariel Lassiter,MIA,2022,1790,445,-17.30,16.05,-1.35
340,Arnór Ingvi Traustason,NER,2022,561,183,8.24,17.08,1.26
468,Arquimides Ordonez,CIN,2022,123,30,-0.20,12.09,-3.10
390,Artur,CLB,2022,1813,902,0.96,19.67,3.05
348,Ashley Fletcher,NYRB,2022,285,60,-3.91,13.99,1.11
375,Auston Trusty,COL,2022,1589,766,3.19,21.70,6.41
157,Ayo Akinola,TOR,2022,1365,230,-11.91,12.74,-3.28
672,Azaad Liadi,DCU,2022,14,4,-0.39,11.48,11.35
472,Bakaye Dibassy,MIN,2022,2468,974,-0.44,22.50,8.28
113,Ben Bender,CLT,2022,1792,665,-7.66,17.28,0.41
705,Ben Reveno,NER,2022,6,3,0.92,16.70,8.59
290,Ben Sweat,SKC,2022,1665,918,5.40,18.73,3.60
151,Benjamin Kikanovic,SJE,2022,1501,372,-8.82,14.90,0.29
581,Benjamin Redzic,FCD,2022,97,32,2.98,13.57,3.03
176,Benji Michel,ORL,2022,1676,335,-2.06,14.72,-2.58
639,Bernard Kamungo,FCD,2022,26,10,0.86,18.12,11.91
181,Bill Tuiloma,POR,2022,2532,1162,32.11,24.45,10.35
674,Blake Bodily,POR,2022,30,12,0.74,15.85,-9.93
161,Bobby Wood,RSL,2022,1050,206,-6.58,14.13,-0.80
516,Bode Davis,RSL,2022,119,52,0.49,17.70,2.13
98,Bongokuhle Hlongwane,MIN,2022,1754,486,-14.51,15.99,1.83
195,Boris Sekulic,CHI,2022,3090,1513,66.02,16.98,5.45
296,Brad Smith,DCU,2022,1265,602,-30.71,19.01,5.23
596,Braian Ojeda,RSL,2022,395,155,-0.57,20.57,8.12
660,Brandan Craig,PHI,2022,6,3,0.07,22.59,1.11
102,Brandon Bye,NER,2022,2806,1563,3.85,18.79,2.50
223,Brandon Servania,FCD,2022,1457,621,-11.91,17.52,4.80
5,Brandon Vázquez,CIN,2022,2969,649,-35.18,15.80,-0.79
276,Brandt Bronico,CLT,2022,3097,1597,-5.19,20.22,3.24
619,Brek Shea,MIA,2022,182,88,-1.31,17.45,4.21
578,Brendan Hines-Ike,DCU,2022,1884,979,-12.75,25.06,9.50
16,Brenner,CIN,2022,2236,661,1.78,16.61,0.24
373,Brent Kallman,MIN,2022,1524,546,-0.87,24.55,11.15
128,Brian Gutierrez,CHI,2022,1803,649,-5.45,17.11,3.06
143,Brian Rodríguez,LAFC,2022,895,229,-1.10,13.62,-0.29
101,Brian White,VAN,2022,1805,364,-16.69,13.77,-1.68
689,Brooklyn Raines,HOU,2022,40,5,-2.08,13.42,-4.43
83,Brooks Lennon,ATL,2022,2249,1303,42.16,19.23,0.23
187,Bryan Acosta,COL,2022,2084,970,24.64,25.08,5.18
556,Bryan Oviedo,RSL,2022,396,188,-0.37,19.40,0.61
172,Bryce Duke,MIA,2022,1642,780,-13.36,17.38,3.00
42,C.J. Sapong,NSH,2022,2653,554,2.66,15.11,1.24
134,Cade Cowell,SJE,2022,1697,402,-5.46,16.53,-2.68
345,Caden Clark,NYRB,2022,577,104,-4.30,15.93,2.30
626,Caio Alexandre,VAN,2022,102,44,2.80,13.31,0.76
671,Cal Jennings,LAFC,2022,33,5,-1.69,10.43,1.24
238,Caleb Wiley,ATL,2022,1631,721,-10.18,16.81,0.10
286,Calvin Harris,CIN,2022,216,48,-0.94,13.23,-4.99
186,Cameron Duke,SKC,2022,1361,438,-16.59,16.66,-0.33
231,Cameron Harper,NYRB,2022,875,251,-13.41,19.77,4.58
8,Carles Gil,NER,2022,3181,2282,8.57,22.03,5.41
27,Carlos Ferreira,HOU,2022,2521,486,-31.93,13.95,-0.99
501,Carlos Salcedo,TOR,2022,1316,808,2.21,24.27,10.13
322,Carlos Terán,CHI,2022,1855,824,-12.88,25.26,9.34
13,Carlos Vela,LAFC,2022,2528,1165,15.13,20.25,3.68
395,Cecilio Domínguez,ATX,2022,300,104,-0.27,17.55,-3.43
413,César Araujo,ORL,2022,2702,1486,47.99,19.46,4.27
600,Chase Gasper,LAG,2022,933,528,7.79,17.74,3.24
10,Chicharito,LAG,2022,2811,658,-13.30,15.98,0.28
572,Chris Donovan,PHI,2022,150,40,-1.62,13.44,-0.67
165,Chris Durkin,DCU,2022,2475,1088,-26.71,21.94,7.20
683,Chris Kablan,RSL,2022,33,24,-3.57,20.00,6.29
679,Chris Mavinga,TOR,2022,1690,786,18.96,19.00,7.64
71,Chris Mueller,CHI,2022,2132,892,14.61,16.10,1.39
510,Chris Odoi-Atsem,DCU,2022,939,301,-11.80,17.33,5.35
170,Christian Benteke,DCU,2022,605,132,-7.69,14.08,-0.69
206,Christian Fuchs,CLT,2022,2143,1518,7.50,24.32,9.28
533,Christian Makoun,"NER, CLT",2022,1368,730,-8.32,22.89,5.49
275,Christian Ortíz,CLT,2022,703,228,-7.02,18.71,1.94
665,Christopher Garcia,RSL,2022,9,4,-1.12,25.94,13.80
446,Christopher Gloster,NYC,2022,531,335,6.97,20.25,1.34
583,Christopher Hegardt,CLT,2022,35,24,-2.23,16.03,-0.87
333,Christopher McVey,MIA,2022,3357,1596,6.63,21.37,5.02
268,Claudio Bravo,POR,2022,2441,1425,4.81,20.65,7.64
320,Collen Warner,COL,2022,742,292,-6.63,20.59,4.18
574,Corentin Jean,MIA,2022,91,27,0.92,19.37,-0.52
141,Corey Baird,HOU,2022,1466,371,-11.00,14.93,-0.27
76,Cory Burke,PHI,2022,1353,264,-10.35,16.36,3.49
152,Cristhian Paredes,POR,2022,1843,641,-9.87,18.22,5.03
4,Cristian Arango,LAFC,2022,2562,494,-28.41,14.50,1.90
111,Cristian Cásseres Jr,NYRB,2022,2446,962,-38.00,17.75,5.72
126,Cristian Dájome,VAN,2022,1966,757,-4.55,18.23,2.25
17,Cristian Espinoza,SJE,2022,3054,1359,11.47,19.93,-2.16
411,Cristián Gutiérrez,VAN,2022,691,379,17.11,21.07,5.51
95,Cristian Roldan,SEA,2022,2297,1185,15.66,18.64,3.50
569,Cristian Tello,LAFC,2022,121,62,6.99,18.26,0.12
79,Cucho Hernández,CLB,2022,1445,492,-22.14,19.29,3.34
315,D.J. Taylor,MIN,2022,2275,1175,42.54,20.22,7.63
45,Dairon Asprilla,POR,2022,2052,621,-9.02,16.73,-1.23
368,Damian Rivera,NER,2022,474,141,-1.49,16.96,-1.29
270,Damion Lowe,MIA,2022,2632,1256,-4.83,24.52,10.40
349,Damir Kreilach,RSL,2022,331,126,7.64,14.93,2.02
497,Daniel Aguirre,LAG,2022,438,205,4.76,17.71,3.48
680,Daniel Crisostomo,LAFC,2022,40,12,0.33,15.86,8.63
477,Daniel Edelman,NYRB,2022,1130,379,-5.37,18.40,6.71
2,Daniel Gazdag,PHI,2022,3216,1086,-16.91,16.84,5.65
199,Daniel Lovitz,NSH,2022,2878,1487,-6.66,23.45,6.47
283,Daniel Pereira Gil,ATX,2022,2270,1280,22.86,21.10,3.52
80,Daniel Ríos,CLT,2022,1558,375,-12.72,13.50,-1.66
56,Dániel Sallói,SKC,2022,2759,785,-18.26,16.37,0.95
408,Daniel Steres,HOU,2022,1500,947,20.73,24.33,8.95
575,Daniel Trejo,LAFC,2022,59,16,0.49,15.30,-3.58
267,Danny Hoesen,ATX,2022,467,65,-4.76,16.46,0.14
452,Danny Leyva,SEA,2022,1046,678,10.57,18.50,4.61
218,Danny Musovski,"LAFC, RSL",2022,636,138,-11.95,13.94,-1.81
347,Danny Wilson,COL,2022,2331,1251,29.68,28.00,14.60
617,Dantouma Toure,COL,2022,70,11,-3.40,22.45,-7.61
462,Dario Zuparic,POR,2022,2455,888,-6.08,23.77,8.75
203,Darlington Nagbe,CLB,2022,3358,1734,44.70,18.35,1.94
456,Darren Yapi,COL,2022,223,45,-4.12,15.56,1.20
417,Darwin Cerén,HOU,2022,1285,540,9.39,21.84,4.11
35,Darwin Quintero,HOU,2022,1938,932,-7.19,21.13,6.61
185,Dave Romney,NSH,2022,2907,1505,7.50,23.74,7.48
454,David Ayala,POR,2022,852,434,0.63,21.13,3.87
173,Dax McCarty,NSH,2022,1946,982,13.34,20.59,5.30
183,Deandre Kerr,TOR,2022,1435,328,-12.77,14.27,-0.36
226,DeAndre Yedlin,MIA,2022,3299,1609,28.09,17.44,2.54
193,Déiber Caicedo,VAN,2022,1066,309,13.81,18.20,-0.41
57,Dejan Joveljic,LAG,2022,1194,285,-2.59,14.10,-0.79
169,DeJuan Jones,NER,2022,2984,1914,37.93,18.01,1.20
149,Denis Bouanga,LAFC,2022,556,176,1.75,17.16,0.67
61,Derrick Etienne,CLB,2022,2431,760,13.78,17.15,-0.06
383,Derrick Jones,CLT,2022,1053,467,-5.00,18.68,1.25
319,Derrick Williams,LAG,2022,2381,1439,23.44,21.65,6.70
312,Diego Chara,POR,2022,2706,1377,29.01,19.81,5.90
47,Diego Fagundez,ATX,2022,2952,1192,21.23,18.76,0.82
675,Diego Gutiérrez,POR,2022,9,4,-0.20,10.54,-3.22
486,Diego Luna,RSL,2022,376,184,4.56,17.43,1.70
146,Diego Palacios,LAFC,2022,2669,1640,53.36,18.09,2.96
11,Diego Rubio,COL,2022,2670,868,-14.77,20.74,5.75
40,Djordje Mihailovic,MTL,2022,2193,1003,0.92,20.80,0.85
139,Dom Dwyer,ATL,2022,729,109,-4.06,15.36,3.84
352,Domenico Criscito,TOR,2022,1300,859,34.76,19.57,6.78
155,Dominique Badji,CIN,2022,1217,249,2.96,15.43,-0.39
701,Doneil Henry,"LAFC, TOR",2022,326,169,-2.40,20.24,6.66
455,Donovan Pines,DCU,2022,1619,591,-12.14,23.61,6.86
130,Douglas Costa,LAG,2022,1559,927,3.29,19.85,2.29
636,Drew Moor,COL,2022,279,83,2.59,20.78,9.75
558,Drew Skundrich,DCU,2022,998,413,-8.22,19.50,3.61
293,Dru Yearwood,NYRB,2022,1716,563,-33.01,20.32,7.65
260,Dylan Borrero,NER,2022,660,191,-1.01,19.61,3.39
364,Dylan Nealis,NYRB,2022,2016,756,-11.13,20.58,8.81
536,Dylan Teves,SEA,2022,121,39,-3.79,13.00,2.48
704,Easton Ongaro,VAN,2022,49,7,-0.54,10.93,-4.57
595,Eddie Segura,LAFC,2022,921,546,8.13,22.93,10.04
566,Edison Azcona,MIA,2022,22,4,0.28,22.60,-2.12
255,Edison Flores,DCU,2022,908,237,-8.08,15.41,2.38
494,Edwin Cerrillo,FCD,2022,2114,1082,6.58,18.78,2.98
391,Edwin Mosquera,ATL,2022,376,124,-0.64,18.34,-0.83
694,Edwin Munjoma,FCD,2022,113,42,0.13,16.92,-0.70
99,Efrain Álvarez,LAG,2022,1566,763,28.95,18.72,3.65
304,Elias Manoel,NYRB,2022,384,62,-5.57,15.22,0.15
318,Ema Twumasi,FCD,2022,2343,1248,1.39,16.93,1.17
18,Emanuel Reynoso,MIN,2022,2718,1558,-10.00,21.02,6.51
470,Emerson Hyndman,ATL,2022,333,219,1.67,19.91,4.24
192,Emerson Rodríguez,MIA,2022,642,188,-6.82,15.31,2.06
644,Emiliano Brienza,VAN,2022,8,6,0.09,18.12,1.73
422,Emiliano Rigoni,ATX,2022,311,119,0.91,24.55,-1.08
168,Emmanuel Boateng,NER,2022,1112,436,7.55,17.64,-0.28
44,Ercan Kara,ORL,2022,1929,274,-20.49,12.74,-2.97
402,Eric Miller,NSH,2022,1489,711,5.91,20.86,5.05
425,Eric Remedi,SJE,2022,1556,954,-6.11,20.36,4.07
560,Erik Godoy,VAN,2022,496,237,2.80,23.07,8.90
512,Erik Holt,RSL,2022,620,280,-2.90,23.44,9.20
324,Erik Hurtado,CLB,2022,499,100,-8.76,13.12,-4.08
204,Erik Thommy,SKC,2022,948,484,2.22,21.75,-1.37
632,Eriq Zavaleta,LAG,2022,222,125,3.38,20.62,5.70
211,Eryk Williamson,POR,2022,1284,490,11.55,18.90,4.36
637,Esmir Bajraktarevic,NER,2022,141,53,-3.09,16.39,-4.79
576,Ethan Bartlow,HOU,2022,1024,472,3.40,24.18,8.42
557,Ethan Dobbelaere,SEA,2022,309,145,4.29,14.74,-0.37
117,Ethan Finlay,ATX,2022,2006,465,-3.75,16.27,-0.69
453,Ethan Zubak,NSH,2022,259,56,4.94,14.87,-3.50
597,Everton Luiz,RSL,2022,488,130,2.17,17.88,-1.68
300,Fabian Herbers,CHI,2022,1209,482,-23.39,17.12,1.39
354,Facundo Quignón,FCD,2022,1435,857,22.88,18.04,3.64
64,Facundo Torres,ORL,2022,2798,1289,12.64,17.28,3.19
51,Fafa Picault,HOU,2022,2604,698,-27.23,15.96,-0.86
74,Federico Bernardeschi,TOR,2022,1202,440,-23.04,21.06,2.70
287,Federico Navarro,CHI,2022,2708,1231,4.86,19.45,3.47
271,Felipe,ATX,2022,891,355,1.88,18.44,4.57
302,Felipe Gutiérrez,COL,2022,887,535,3.48,25.05,6.05
135,Felipe Hernandez,SKC,2022,1959,575,-11.76,18.33,1.69
441,Felipe Mora,POR,2022,119,26,-1.00,11.03,-2.69
677,Florian Jungwirth,VAN,2022,938,423,1.96,22.21,5.87
327,Francisco Calvo,SJE,2022,1286,955,-4.81,23.96,9.63
551,Francisco Ginella,LAFC,2022,528,275,0.49,18.63,4.16
379,Franco Escobar,LAFC,2022,1264,693,8.09,17.39,3.10
65,Franco Fragapane,MIN,2022,2170,933,-8.32,16.14,2.18
369,Franco Ibarra,ATL,2022,1075,515,-17.74,18.22,3.95
119,Franco Jara,FCD,2022,1078,245,-13.66,15.91,-2.11
310,Frankie Amaya,NYRB,2022,2169,804,-0.11,20.84,7.45
103,Fredy Montero,SEA,2022,1410,432,-5.42,19.91,5.17
97,Gabriel Pereira,NYC,2022,1486,477,-8.03,17.81,0.63
458,Gabriele Corbo,MTL,2022,1268,679,15.63,21.43,8.85
562,Gaoussou Samake,DCU,2022,131,51,-4.65,18.09,3.03
232,Gareth Bale,LAFC,2022,425,151,3.47,16.91,2.41
252,Gastón Brugman,LAG,2022,1220,965,16.08,19.36,5.46
262,Gastón Giménez,CHI,2022,1852,925,1.04,21.76,5.32
608,Gedion Zelalem,NYC,2022,230,185,1.08,19.68,3.35
398,Geoff Cameron,CIN,2022,2294,840,3.30,22.73,10.46
654,George Acosta,MIA,2022,12,8,-0.34,18.08,3.81
384,George Campbell,ATL,2022,1619,972,-2.16,20.60,6.12
666,George Fochive,POR,2022,40,7,0.59,16.11,3.68
250,Giacomo Vrioni,NER,2022,279,41,-5.33,12.84,0.61
483,Giorgio Chiellini,LAFC,2022,787,416,4.38,24.47,9.41
24,Gonzalo Higuaín,MIA,2022,1930,546,-18.66,20.47,-0.61
299,Graham Zusi,SKC,2022,1815,1347,0.36,23.23,6.49
303,Gregore,MIA,2022,2986,1687,27.98,19.63,5.45
341,Griffin Dorsey,HOU,2022,1843,768,0.84,20.00,1.72
487,Griffin Yow,DCU,2022,307,58,-1.08,15.23,-3.26
75,Gustavo Bou,NER,2022,1740,515,-32.59,19.22,2.01
607,Gustavo Vallecilla,COL,2022,632,267,-4.12,22.12,6.68
386,Guzmán Corujo,CLT,2022,2271,1213,-0.31,24.04,7.38
19,Gyasi Zardes,"CLB, COL",2022,2499,446,4.96,14.34,-0.32
648,Handwalla Bwana,NSH,2022,18,9,0.27,12.01,1.79
1,Hany Mukhtar,NSH,2022,3082,1104,-4.68,19.09,0.77
346,Haris Medunjanin,CIN,2022,561,378,24.19,22.66,9.49
438,Harrison Afful,CLT,2022,1437,1035,26.98,20.50,4.52
591,Harrison Robledo,CIN,2022,58,22,0.24,15.00,-0.08
663,Harvey Neville,MIA,2022,15,3,-0.08,17.54,-12.74
678,Hassan Ndam,NYRB,2022,52,10,-2.39,21.26,8.49
380,Hassani Dotson,MIN,2022,685,341,-6.57,19.09,5.55
109,Héber,NYC,2022,1171,273,-9.17,15.45,-0.67
372,Héctor Herrera,HOU,2022,773,531,11.52,20.81,5.89
361,Héctor Jiménez,ATX,2022,664,484,5.51,20.19,2.01
479,Henry Kessler,NER,2022,2017,1182,29.88,22.20,6.68
669,Hugo Mbongue,TOR,2022,22,3,0.33,15.82,-0.42
528,Ian Murphy,CIN,2022,1635,690,-12.28,21.72,8.99
542,Ibrahim Sunusi,MTL,2022,264,67,-0.61,17.39,0.64
397,Ifunanyachi Achara,TOR,2022,457,153,-0.18,13.75,-2.38
256,Ilie Sánchez,LAFC,2022,2956,1551,29.10,20.05,7.19
239,Indiana Vassilev,MIA,2022,1183,367,-3.32,16.55,0.71
573,Isaac Atanga,CIN,2022,51,10,-1.84,22.07,16.51
237,Ismael Koné,MTL,2022,1750,807,-18.93,19.10,0.90
493,Ismael Tajouri-Shradi,LAFC,2022,204,82,3.46,15.45,-0.56
332,Iván Angulo,ORL,2022,603,168,2.65,15.26,-1.15
429,Jacen Russel-Rowe,CLB,2022,255,61,-4.50,14.16,-0.38
212,Jack Elliott,PHI,2022,3167,1235,-22.71,26.58,12.87
688,Jack Lynn,ORL,2022,25,1,-0.65,0.00,0.00
376,Jack Maher,NSH,2022,2063,989,21.82,23.13,6.68
294,Jack McGlynn,PHI,2022,1145,662,23.44,20.98,5.57
323,Jack Price,COL,2022,1211,807,18.07,22.64,3.36
489,Jack Skahan,SJE,2022,132,61,2.74,20.02,5.65
571,Jackson Conway,ATL,2022,52,2,0.28,20.32,-2.13
280,Jackson Hopkins,DCU,2022,1009,324,10.64,21.04,1.38
416,Jackson Ragen,SEA,2022,1544,831,26.77,24.86,8.14
236,Jackson Yueill,SJE,2022,2924,1810,24.60,20.10,5.76
242,Jacob Shaffelburg,"TOR, NSH",2022,1251,481,-25.48,17.98,4.93
629,Jacori Hayes,MIN,2022,105,34,0.54,18.98,4.60
137,Jáder Obrian,FCD,2022,1512,380,-15.92,14.33,1.01
506,Jahkeele Marshall-Rutty,TOR,2022,707,423,7.75,16.67,1.75
621,Jairo Quinteros,MIA,2022,310,122,-0.33,23.16,6.55
353,Jairo Torres,CHI,2022,770,247,-7.71,15.97,2.89
706,Jake Davis,SKC,2022,31,12,0.43,17.54,-4.18
356,Jake Mulraney,"ATL, ORL",2022,1031,322,-15.66,17.71,-3.06
502,Jake Nerwinski,VAN,2022,1986,955,14.87,21.85,9.97
389,Jakob Glesnes,PHI,2022,3394,1235,27.76,25.74,11.10
640,Jalil Anibaba,CLB,2022,252,121,3.03,26.08,12.77
316,James Igbekeme,CLB,2022,1021,406,5.81,19.38,4.72
70,Jamiro Monteiro,SJE,2022,2847,1577,15.83,18.66,2.60
246,Jan Gregus,SJE,2022,1842,1306,15.58,21.16,3.25
588,Jan Sobociński,CLT,2022,436,213,-5.53,26.99,10.79
670,Jared Stroud,ATX,2022,65,12,-2.81,14.60,-4.19
66,Jaroslaw Niezgoda,POR,2022,2156,403,-1.91,13.70,1.40
604,Jason Pendant,NYRB,2022,100,35,-2.68,14.79,4.10
330,Jasper Löeffelsend,RSL,2022,1769,811,-15.02,19.68,1.41
338,Javain Brown,VAN,2022,2030,1061,-0.03,20.86,6.27
690,Javier Casas,CHI,2022,64,25,-2.38,16.97,-1.86
518,Javier López,SJE,2022,259,103,-2.70,17.98,4.33
235,Jayden Nelson,TOR,2022,2120,877,-11.43,15.34,0.30
358,Jaylin Lindsey,CLT,2022,1848,1123,28.21,18.78,2.76
624,Jaziel Orozco,RSL,2022,345,123,-3.60,26.84,11.06
138,Jean Mota,MIA,2022,2882,1759,5.50,20.93,5.77
78,Jefferson Savarino,RSL,2022,1668,591,6.10,20.03,2.30
7,Jeremy Ebobisse,SJE,2022,3174,692,-7.29,16.26,-0.18
686,Jesús Bueno,PHI,2022,16,7,-0.53,15.63,-1.01
279,Jesús David Murillo,LAFC,2022,2586,1178,-1.47,23.95,9.75
15,Jesús Ferreira,FCD,2022,2913,863,-25.88,20.88,2.18
38,Jesús Jiménez,TOR,2022,2608,637,-33.34,14.34,-1.45
515,Jhegson Méndez,"ORL, LAFC",2022,756,485,14.87,17.42,4.90
618,Jhohan Romaña,ATX,2022,395,212,-1.73,21.09,7.56
616,Jhojan Valencia,ATX,2022,540,248,-6.46,21.16,5.81
59,Jhon Durán,CHI,2022,1534,318,-3.89,15.02,-0.32
440,Jhon Espinoza,CHI,2022,592,201,4.35,18.41,5.64
394,Jimmy Medranda,SEA,2022,753,358,7.67,18.86,1.50
220,João Moutinho,ORL,2022,2712,1692,0.00,20.29,7.99
511,João Paulo,SEA,2022,489,366,0.80,20.26,6.57
125,Joaquín Torres,MTL,2022,1464,466,-13.87,19.69,3.01
200,Joel Waterman,MTL,2022,2947,1951,53.04,21.84,8.10
517,Joevin Jones,MIA,2022,156,85,6.50,19.31,0.35
682,Joey Dezart,ORL,2022,7,3,0.72,18.10,12.42
460,Johan Kappelhof,RSL,2022,591,270,-0.48,24.07,9.57
388,John Nelson,CIN,2022,1332,618,-20.14,16.45,2.08
164,John Tolkin,NYRB,2022,3041,1343,-39.66,21.38,4.69
39,Johnny Russell,SKC,2022,2923,953,-19.64,19.56,1.71
523,Jojea Kwizera,MTL,2022,321,197,2.21,16.81,0.75
350,Jon Gallagher,ATX,2022,2378,1442,-15.86,20.56,2.00
474,Jonathan Bell,NER,2022,1145,543,-13.22,22.39,8.68
436,Jonathan Bornstein,CHI,2022,1330,517,3.26,16.53,4.69
522,Jonathan González,MIN,2022,224,90,-2.58,18.62,3.77
69,Jonathan Lewis,COL,2022,2418,473,-11.79,15.95,-0.97
527,Jonathan Menéndez,RSL,2022,161,34,-1.27,14.79,-2.38
306,Jonathan Mensah,CLB,2022,2847,1671,47.85,22.17,7.90
112,Jonathan Osorio,TOR,2022,1919,1147,36.66,16.07,2.83
662,Jonathan Perez,LAG,2022,14,4,0.06,30.69,15.39
30,Jordan Morris,SEA,2022,2500,619,2.25,13.65,-1.99
514,Jordan Perruzza,TOR,2022,286,45,-6.27,15.92,-1.25
221,Jordy Alcívar,CLT,2022,1123,526,-4.06,21.14,1.43
406,José Andrés Martínez,PHI,2022,2777,1256,-22.39,22.10,7.83
525,José Antonio Martínez,FCD,2022,2879,1920,-11.62,24.44,9.40
53,José Cifuentes,LAFC,2022,2557,1202,7.55,17.71,5.10
681,José Mauri,SKC,2022,27,20,-2.41,17.96,-0.48
407,José Van Rankin,POR,2022,2087,1003,31.49,17.59,2.49
60,Josef Martínez,ATL,2022,1637,306,-3.05,14.93,-0.33
359,Joseph Mora,CLT,2022,1889,1085,-5.80,19.94,5.45
360,Joseph Rosales,MIN,2022,1174,577,26.99,17.94,4.44
484,Josh Williams,CLB,2022,1581,750,9.93,22.58,9.08
545,Joshua Atencio,SEA,2022,808,538,4.34,19.10,3.23
634,Joshué Quiñonez,FCD,2022,139,67,-0.48,18.32,2.52
329,Jozy Altidore,NER,2022,676,175,-10.62,15.35,0.62
272,Juan José Purata,ATL,2022,1604,823,-4.46,21.30,7.55
614,Juan Mosquera,POR,2022,218,125,0.12,20.41,2.40
564,Judson,SJE,2022,718,400,13.35,20.83,2.45
158,Julian Araujo,LAG,2022,3021,1828,48.67,18.08,1.96
14,Julián Carranza,PHI,2022,2379,615,-25.40,13.26,-0.60
92,Julian Gressel,"VAN, DCU",2022,2557,1404,-50.57,23.18,5.24
162,Julio Cascante,ATX,2022,3011,1871,1.65,24.04,9.16
285,Júnior Moreno,CIN,2022,2212,990,18.66,18.08,3.99
106,Júnior Urso,ORL,2022,2817,1165,12.57,17.80,2.12
244,Justen Glad,RSL,2022,2525,1287,27.15,24.29,9.97
521,Justin Haak,NYC,2022,866,362,-3.33,16.91,2.04
68,Justin Meram,RSL,2022,2451,1090,16.70,19.72,1.29
541,Justin Rasmussen,POR,2022,714,362,-9.95,22.63,6.58
343,Justin Rennicks,NER,2022,834,114,-7.46,13.62,-2.43
86,Kacper Przybylko,CHI,2022,1742,513,-7.64,14.38,-0.59
577,Kadin Chung,TOR,2022,495,246,-4.79,17.70,1.81
100,Kai Wagner,PHI,2022,3278,1742,30.93,25.27,6.53
645,Kalil ElMedkhar,FCD,2022,116,36,1.01,16.09,0.20
178,Kamal Miller,MTL,2022,2536,1638,22.00,19.93,8.19
156,Kamil Jozwiak,CLT,2022,1264,468,-8.74,16.13,-1.30
37,Karol Swiderski,CLT,2022,2656,640,-35.27,17.88,0.77
563,Kayden Pierre,SKC,2022,1072,567,6.84,18.55,3.38
249,Keaton Parks,NYC,2022,1187,668,34.59,18.39,4.69
251,Keegan Rosenberry,COL,2022,3280,1599,24.86,23.12,7.08
73,Kei Kamara,MTL,2022,1751,466,-26.31,13.79,-2.03
121,Kellyn Acosta,LAFC,2022,2824,1473,19.44,18.87,2.61
603,Kelvin Leerdam,LAG,2022,549,313,1.55,17.77,2.55
420,Kelyn Rowe,SEA,2022,1438,814,-22.61,19.66,6.45
424,Kemar Lawrence,MIN,2022,2506,1057,-1.90,18.45,3.72
590,Kendall Burks,CHI,2022,206,86,1.56,21.78,7.83
381,Kervin Arriaga,MIN,2022,2056,1014,31.00,21.34,7.48
335,Kerwin Calderón Vargas,CLT,2022,682,282,-2.25,19.43,-2.16
88,Kevin Cabral,LAG,2022,1832,535,-10.27,15.63,-1.83
519,Kevin Molino,CLB,2022,507,256,0.53,16.30,1.51
612,Kevin O'Toole,NYC,2022,302,107,-3.00,15.74,3.73
229,Khiry Shelton,SKC,2022,1544,299,-12.99,13.47,-2.24
473,Kieran Gibbs,MIA,2022,695,388,-5.48,18.21,4.88
696,Kim Moon-Hwan,LAFC,2022,83,60,-1.54,15.46,2.59
449,Kimarni Smith,DCU,2022,440,173,-4.45,16.53,2.07
611,Kipp Keller,ATX,2022,359,244,8.65,21.39,6.94
684,Koa Santos,CLT,2022,62,16,-2.16,16.22,0.90
693,Kobe Franklin,TOR,2022,17,2,-0.93,41.83,-27.95
565,Kortne Ford,SKC,2022,906,459,-5.72,27.11,9.45
292,Kosi Thompson,TOR,2022,1837,797,-20.52,15.88,2.35
641,Kristian Fletcher,DCU,2022,71,18,-1.16,16.30,-8.65
49,Kwadwo Opoku,LAFC,2022,1946,478,10.93,14.53,-2.44
650,Kwaku Owusu,NYC,2022,13,11,1.27,13.60,5.84
500,Kyle Duncan,NYRB,2022,660,344,-23.89,18.04,7.20
448,Kyle Smith,ORL,2022,1592,807,-17.83,20.61,5.18
230,Lalas Abubakar,COL,2022,2781,1274,4.62,21.15,6.55
550,Larrys Mabiala,POR,2022,1731,851,7.63,23.19,8.24
105,Lassi Lappalainen,MTL,2022,2097,967,3.61,17.95,1.53
184,Latif Blessing,LAFC,2022,1503,560,16.46,15.05,4.09
261,Leo Chú,SEA,2022,927,224,0.68,14.43,0.82
282,Leon Flach,PHI,2022,3012,748,-24.82,16.29,3.04
559,Leonard Owusu,VAN,2022,961,328,4.77,19.31,2.10
58,Leonardo Campana,MIA,2022,1732,365,-3.25,16.26,-2.36
21,Lewis Morgan,NYRB,2022,2915,874,-50.35,19.96,4.39
469,Logan Ndenbe,SKC,2022,1931,1228,9.74,17.25,2.84
114,Lorenzo Insigne,TOR,2022,1018,640,-8.64,19.47,3.03
277,Luca Petrasso,TOR,2022,1893,946,-38.48,17.77,3.15
67,Lucas Cavallini,VAN,2022,1666,401,-1.59,17.29,1.62
197,Lucas Esteves,COL,2022,2503,1094,-10.45,19.53,2.15
33,Lucas Zelarayán,CLB,2022,2550,1362,-12.57,21.79,5.26
3,Luciano Acosta,CIN,2022,2708,1384,-30.00,18.54,4.98
31,Luis Amarilla,MIN,2022,2536,629,-33.42,13.21,-0.71
147,Luis Díaz,CLB,2022,1668,442,-7.81,16.30,-1.25
467,Luis Martins,VAN,2022,524,230,-3.48,19.98,2.30
28,Luiz Araújo,ATL,2022,2382,936,-24.70,19.63,2.41
464,Lukas MacNaughton,TOR,2022,1975,991,8.02,22.09,7.39
274,Luke Haakenson,NSH,2022,718,167,1.08,15.76,0.94
124,Luquinhas,NYRB,2022,2140,533,-14.23,15.50,5.42
605,Machop Chol,ATL,2022,105,52,3.80,14.55,-0.89
498,Maciel,NER,2022,760,353,10.97,19.28,3.88
107,Maikel Chang,RSL,2022,1988,705,-0.38,18.37,0.88
227,Malte Amundsen,NYC,2022,2361,1315,4.31,18.77,2.98
321,Mamadou Fall,LAFC,2022,1338,760,-10.02,22.86,10.63
85,Marcelino Moreno,ATL,2022,1957,961,-3.86,18.28,4.54
295,Marcelo Silva,RSL,2022,3049,1250,30.60,21.25,5.84
241,Marco Farfan,FCD,2022,2975,1524,12.26,17.43,1.15
423,Marcos López,SJE,2022,1515,885,-16.29,18.95,4.32
491,Marcus Godinho,VAN,2022,1123,455,9.02,18.00,2.83
233,Marinos Tzionis,SKC,2022,912,314,-5.52,14.89,0.74
224,Mark Delgado,LAG,2022,2764,1996,53.21,18.13,4.67
150,Mark-Anthony Kaye,"TOR, COL",2022,2066,967,-21.08,18.59,3.62
599,Marlon Hairston,CLB,2022,168,89,3.31,18.72,0.95
615,Martín Cáceres,LAG,2022,475,325,16.27,19.50,4.90
387,Martín Rodríguez,DCU,2022,964,420,8.83,20.99,3.24
189,Marvin Loría,POR,2022,949,419,-3.56,19.92,1.88
213,Mason Toye,MTL,2022,802,178,-5.86,15.52,-2.61
700,Matai Akinmboni,DCU,2022,126,63,-3.71,22.37,5.41
374,Matheus Rossetto,ATL,2022,1757,1273,23.64,17.91,2.30
278,Mathieu Choinière,MTL,2022,1524,801,0.69,16.06,0.82
610,Matías Pellegrini,NYC,2022,81,62,-2.59,15.89,0.43
475,Matías Vera,HOU,2022,2376,1198,36.55,22.03,5.20
194,Matko Miljevic,MTL,2022,796,388,1.23,21.06,1.12
331,Matt Hedges,FCD,2022,2463,1380,14.05,22.65,9.82
437,Matt Miazga,CIN,2022,899,393,4.01,23.78,10.48
313,Matt Polster,NER,2022,2325,1437,4.68,20.61,4.13
584,Matt Real,PHI,2022,205,75,-2.32,18.49,5.60
91,Mauricio Pereyra,ORL,2022,2720,1636,41.94,20.61,5.80
258,Mauricio Pineda,CHI,2022,2196,970,-0.71,21.19,5.08
217,Max,COL,2022,1038,412,-2.60,22.03,3.33
480,Maxime Chanot,NYC,2022,1616,853,16.28,23.54,8.27
52,Maximiliano Morález,NYC,2022,2321,1758,19.63,19.99,4.31
89,Maximiliano Urruti,ATX,2022,2363,308,-9.68,16.09,0.38
159,Memo Rodríguez,HOU,2022,1656,676,6.12,19.60,2.58
301,Mender García,MIN,2022,573,114,0.84,16.58,1.88
698,Micael,HOU,2022,53,27,-0.99,19.46,2.23
568,Michael Baldisimo,VAN,2022,520,238,0.21,22.74,5.69
55,Michael Barrios,COL,2022,2087,551,-4.67,18.99,0.23
377,Michael Boxall,MIN,2022,3045,1158,13.94,21.96,8.26
190,Michael Bradley,TOR,2022,3411,2064,19.49,19.54,6.74
136,Michael Estrada,DCU,2022,953,148,-12.28,16.37,1.46
676,Michael Halliday,ORL,2022,72,34,-0.61,17.36,-5.04
291,Miguel Ángel Navarro,CHI,2022,2391,1264,0.16,19.87,6.55
123,Miguel Berry,"DCU, CLB",2022,1822,277,-6.35,13.63,-0.85
642,Miguel Trauco,SJE,2022,144,94,-2.29,20.42,8.29
54,Mikael Uhre,PHI,2022,1758,317,-12.37,14.12,1.21
652,Mikey Ambrose,ATL,2022,61,34,1.56,12.50,0.01
585,Miles Robinson,ATL,2022,717,447,4.09,22.05,8.60
451,Milos Degenek,CLB,2022,2499,1267,4.68,22.29,9.41
580,Mohamed Farsi,CLB,2022,121,56,0.17,15.95,1.06
658,Mohammed Adams,MIA,2022,391,110,0.30,15.20,0.79
651,Moses Nyeman,DCU,2022,155,61,-8.37,21.68,4.64
257,Moussa Djitté,ATX,2022,544,73,2.97,15.25,-2.33
609,Nabilai Kibunguchy,MIN,2022,199,42,-3.33,21.46,5.12
366,Nacho Gil,NER,2022,216,96,0.16,15.44,2.70
326,Nanu,FCD,2022,1356,718,-17.54,17.57,1.56
265,Nathan,SJE,2022,2468,1445,9.86,22.35,7.07
265,Nathan,POR,2022,474,104,-9.75,15.19,-1.76
691,Nathan Byrne,CLT,2022,326,186,0.35,20.23,5.67
334,Nathan Harriel,PHI,2022,1965,789,-8.74,20.00,8.34
547,Nelson Quiñones,HOU,2022,163,45,0.59,15.29,1.23
526,Nicholas DePuy,LAG,2022,1446,681,-2.39,20.99,6.85
537,Nicholas Gioacchini,ORL,2022,168,55,-7.14,13.02,-0.90
355,Nicholas Markanich,CIN,2022,148,33,-1.33,13.16,-5.21
598,Nick Besler,RSL,2022,296,126,1.06,18.52,2.35
216,Nick Hagglund,CIN,2022,2968,1139,15.52,22.39,10.76
219,Nick Lima,ATX,2022,2591,1315,-1.26,21.96,1.62
400,Nicolás Acevedo,NYC,2022,2525,1629,24.62,19.26,4.93
419,Nicolas Isimat-Mirin,SKC,2022,2506,1393,-0.25,23.36,6.91
36,Nicolás Lodeiro,SEA,2022,2527,1942,46.15,19.15,4.54
570,Nicolás Mezquida,COL,2022,159,61,0.51,22.35,3.48
215,Nigel Robertha,DCU,2022,815,175,0.45,15.72,-0.70
499,Niko Hansen,MIN,2022,118,36,0.52,13.83,-2.35
481,Niko Tsakiris,SJE,2022,414,203,0.07,17.79,2.56
435,Nikola Vujnovic,SKC,2022,377,86,-7.51,13.19,-0.94
508,Nkosi Burgess,FCD,2022,1523,867,-0.37,23.90,9.66
432,Nnamdi Chinonso Offor,CHI,2022,303,92,-6.41,13.40,-0.32
625,Noah Allen,MIA,2022,368,143,-4.71,17.02,1.47
409,Noble Okello,TOR,2022,390,180,-9.33,15.46,5.25
414,Noel Buck,NER,2022,326,95,-5.57,15.02,1.80
273,Nouhou Tolo,SEA,2022,2748,1366,1.20,18.35,1.20
530,Nuno Santos,CLT,2022,185,129,-2.69,17.05,4.01
495,Obed Vargas,SEA,2022,924,400,-4.35,16.33,2.37
382,Obinna Nwobodo,CIN,2022,2265,1116,3.75,18.11,3.79
48,Ola Kamara,DCU,2022,1652,387,-9.76,16.21,0.19
234,Olivier Mbaizo,PHI,2022,1450,614,16.11,18.84,3.81
548,Omar González,NER,2022,854,383,0.83,22.74,8.32
122,Omir Fernandez,NYRB,2022,1573,300,-8.63,15.91,3.02
594,Oniel Fisher,MIN,2022,691,355,-0.70,16.99,4.54
132,Orrin McKinze Gaines II,CLT,2022,1197,325,-1.88,15.88,-2.76
601,Oskar Aegren,SJE,2022,267,173,1.05,23.49,5.09
623,Osvaldo Alonso,ATL,2022,365,235,0.47,19.45,4.89
549,Ousseni Bouda,SJE,2022,164,50,-1.44,17.34,-2.47
308,Owen Wolff,ATX,2022,1029,297,3.82,17.04,-1.22
635,Pablo Bonilla,POR,2022,285,122,-6.33,18.84,5.63
94,Pablo Ruiz,RSL,2022,2629,1425,-1.56,24.70,4.46
43,Patryk Klimala,NYRB,2022,1792,290,-21.95,15.72,2.46
34,Paul Arriola,FCD,2022,2813,903,-25.53,17.74,2.29
207,Paul Marie,SJE,2022,2401,1238,12.87,18.80,2.00
661,Paul Rothrock,TOR,2022,42,10,0.03,12.59,-4.03
314,Paxten Aaronson,PHI,2022,531,124,4.36,14.72,2.63
210,Paxton Pomykal,FCD,2022,2627,1207,2.17,18.71,2.36
180,Pedro Santos,CLB,2022,2570,1544,-17.56,20.91,7.19
177,Pedro Vite,VAN,2022,1324,574,18.92,18.17,4.06
687,Pierre Reedy,RSL,2022,12,2,-1.39,0.00,0.00
504,Quinn McNeill,CLT,2022,709,234,0.89,16.18,1.12
385,Quinn Sullivan,PHI,2022,316,98,-7.37,15.60,1.71
188,Rafael Czichos,CHI,2022,2572,1245,16.11,24.20,10.41
208,Raheem Edwards,LAG,2022,2511,1350,-12.20,17.51,2.95
442,Ralph Priso-Mbongue,"COL, TOR",2022,533,299,-12.36,18.52,3.61
90,Rándall Leal,NSH,2022,2277,881,2.98,19.31,5.05
371,Ranko Veselinovic,VAN,2022,3010,1078,14.08,24.51,8.45
84,Raúl Ruidíaz,SEA,2022,1419,351,-21.34,15.64,-1.00
405,Ravel Morrison,DCU,2022,1044,480,8.86,18.78,0.91
154,Rayan Raveloson,LAG,2022,1954,875,1.83,19.91,3.74
344,Raymon Gaddis,CIN,2022,1251,495,4.16,16.02,3.90
490,Reed Baker-Whiting,SEA,2022,102,21,-2.46,19.54,6.07
209,Remi Walter,SKC,2022,3246,1518,27.63,20.14,1.65
325,Richie Laryea,TOR,2022,940,480,21.04,16.08,0.87
505,Rida Zouhir,MTL,2022,145,78,-6.78,18.12,2.85
160,Riqui Puig,LAG,2022,913,714,32.05,17.91,2.44
370,Robbie Robinson,MIA,2022,519,170,0.89,15.68,-0.21
695,Róbert Orri Thorkelsson,MTL,2022,209,111,0.83,16.96,4.69
108,Robert Taylor,MIA,2022,2409,831,4.02,16.15,2.34
579,Robert Voloder,SKC,2022,788,505,-1.69,23.26,7.73
538,Roberto Avila,HOU,2022,200,28,1.68,15.76,0.89
431,Robin Jansson,ORL,2022,2185,1024,24.10,24.15,11.29
62,Robin Lod,MIN,2022,2702,955,44.51,16.54,3.82
567,Rodney Redes,ATX,2022,228,72,-3.01,16.22,-3.80
426,Rodrigo Schlegel,ORL,2022,2423,1173,20.26,22.24,8.04
692,Rodrigues,SJE,2022,661,373,0.48,22.73,8.59
163,Roger Espinoza,SKC,2022,2013,860,-7.70,21.30,4.51
659,Romain Métanire,MIN,2022,29,20,-0.37,21.91,11.06
6,Romell Quioto,MTL,2022,2232,583,-20.56,16.40,-1.74
555,Ronald Hernández,ATL,2022,827,519,10.04,17.97,3.28
396,Ronald Matarrita,CIN,2022,264,128,0.09,19.06,2.52
50,Ronaldo Cisneros,ATL,2022,1867,337,-12.06,13.11,-3.11
201,Ruan,ORL,2022,2658,1284,-4.79,16.83,-0.35
365,Ruben Gabrielsen,ATX,2022,3018,1837,15.50,22.05,7.84
259,Rubio Rubín,RSL,2022,975,206,0.53,17.57,-0.83
461,Rudy Camacho,MTL,2022,2746,1815,50.83,21.60,9.43
362,Russell Canouse,DCU,2022,1331,424,-13.02,18.01,3.32
404,Russell Teibert,VAN,2022,2231,784,0.40,17.94,4.12
29,Ryan Gauld,VAN,2022,2435,992,10.94,19.83,4.63
175,Ryan Hollingshead,LAFC,2022,2161,1074,11.43,16.44,2.29
222,Ryan Raposo,VAN,2022,1600,742,7.63,19.16,3.04
466,Ryan Sailor,MIA,2022,1705,739,-0.49,21.68,6.85
627,Ryan Spaulding,NER,2022,293,167,-0.11,15.77,3.80
297,Sacha Kljestan,LAG,2022,543,357,13.09,17.43,4.53
520,Sam Junqua,HOU,2022,616,320,2.06,19.16,0.09
254,Sam Nicholson,COL,2022,909,225,-4.05,17.29,0.76
459,Sami Guediri,DCU,2022,867,449,-0.88,21.11,4.65
653,Samuel Adeniran,SEA,2022,79,16,-3.08,15.97,-1.16
118,Samuel Grandsir,LAG,2022,1787,718,-1.31,16.33,-2.29
336,Samuel Piette,MTL,2022,1658,1013,31.31,19.55,3.71
32,Santiago Moreno,POR,2022,2659,1168,-3.96,18.24,2.54
22,Santiago Rodríguez,NYC,2022,2730,1267,14.41,17.62,2.93
317,Santiago Sosa,ATL,2022,1544,983,10.53,20.53,7.32
543,Scott Caldwell,RSL,2022,1520,625,1.47,18.42,3.73
434,Sean Davis,NSH,2022,3085,1219,26.79,17.85,2.46
247,Sean Nealis,NYRB,2022,3276,1173,-16.63,22.57,10.32
643,Sean Zawadzki,CLB,2022,318,133,-0.39,17.23,3.08
702,Sebastian Anderson,COL,2022,17,8,-0.57,16.61,-1.26
392,Sebastian Berhalter,VAN,2022,1117,564,-20.37,23.86,6.41
46,Sebastián Blanco,POR,2022,2010,1037,-19.22,21.38,6.41
9,Sebastián Driussi,ATX,2022,3175,1325,-51.10,19.73,3.27
131,Sebastian Lletget,"NER, FCD",2022,2424,1033,26.32,16.58,2.08
546,Sebastien Ibeagha,LAFC,2022,1324,573,-8.04,21.88,7.48
415,Sega Coulibaly,LAG,2022,2394,1398,29.80,22.17,6.45
544,Serge Ngoma,NYRB,2022,153,22,-0.85,16.90,6.42
41,Sergio Córdova,RSL,2022,2458,463,-5.84,14.45,0.44
667,Sergio Oregel Jr,CHI,2022,15,6,-0.15,20.64,9.74
307,Sergio Ruiz,CLT,2022,827,388,1.38,18.90,0.60
104,Sergio Santos,"CIN, PHI",2022,842,217,-8.14,14.93,1.33
476,Shane O'Neill,TOR,2022,2161,1029,-0.24,21.66,7.01
410,Shaq Moore,NSH,2022,972,431,0.78,21.22,4.69
539,Shea Salinas,SJE,2022,257,110,-6.31,16.93,0.55
592,Siad Haji,SJE,2022,25,11,1.64,21.83,0.76
646,Silvester van der Water,ORL,2022,65,16,-0.46,26.35,4.63
507,Simon Becher,VAN,2022,12,1,0.04,12.40,-2.42
447,Sofiane Djeffal,DCU,2022,1857,768,-15.55,22.04,5.07
263,Stanislav Ivanov,CHI,2022,940,252,-3.86,14.52,0.22
673,Steffen Yeates,TOR,2022,44,13,-0.51,14.69,0.14
243,Steve Birnbaum,DCU,2022,3162,1410,25.22,21.77,8.57
488,Steven Beitashour,COL,2022,1434,643,1.70,20.01,4.01
228,Steven Moreira,CLB,2022,3087,1814,26.88,18.90,3.05
656,Steven Sserwadda,NYRB,2022,37,14,0.74,13.64,5.74
561,Stuart Findlay,PHI,2022,400,124,0.98,25.48,12.42
602,Tah Brian Anunga,NSH,2022,959,417,-6.13,18.68,1.76
20,Talles Magno,NYC,2022,2886,966,7.65,13.99,2.16
439,Tanner Beason,SJE,2022,2431,1327,4.47,22.86,6.66
445,Tate Schmitt,RSL,2022,950,422,-28.08,20.79,4.85
12,Taty Castellanos,NYC,2022,1653,443,-22.82,15.29,2.41
72,Taxiarchis Fountas,DCU,2022,1613,361,-22.30,17.31,0.75
471,Taylor Washington,NSH,2022,688,310,1.34,22.23,2.47
328,Tayvon Gray,NYC,2022,2125,1084,-0.04,17.90,2.77
140,Teal Bunbury,NSH,2022,747,176,-1.70,15.33,-2.01
248,Teenage Hadebe,HOU,2022,2013,1144,22.05,22.79,6.28
630,Tega Ikoba,POR,2022,32,4,-1.10,28.30,-2.76
198,Tesho Akindele,ORL,2022,749,191,-8.70,15.16,-1.56
628,Themi Antonoglou,TOR,2022,44,15,-0.40,21.04,6.45
638,Theodore Ku-Dipietro,DCU,2022,286,91,-3.69,16.54,3.32
23,Thiago Almada,ATL,2022,2622,1674,32.00,19.75,3.03
110,Thiago Andrade,NYC,2022,1625,478,-4.46,14.88,-0.59
664,Thiago Fernandes,HOU,2022,34,13,-3.52,8.77,0.67
478,Thiago Martins,NYC,2022,2364,1415,38.50,21.00,5.32
418,Thomas Edwards,NYRB,2022,1815,960,-48.64,28.34,14.05
697,Thomas Williams,ORL,2022,199,99,-2.15,19.03,4.72
115,Thorleifur Úlfarsson,HOU,2022,1377,234,-13.54,15.60,-2.08
401,Tim Parker,HOU,2022,2495,1294,11.20,24.29,7.09
129,Tom Barlow,NYRB,2022,1255,257,-15.31,12.91,0.27
196,Tommy McNamara,NER,2022,2670,1167,14.19,19.09,3.58
264,Tommy Thompson,SJE,2022,1457,818,-0.91,17.15,1.29
620,Tony Alfaro,DCU,2022,1062,601,11.52,22.74,9.11
309,Tosaint Ricketts,VAN,2022,563,112,-1.48,13.50,-1.76
289,Tristan Blackmon,VAN,2022,2350,1187,10.24,23.53,11.23
191,Tsiki Ntsabeleng,FCD,2022,951,495,-2.74,18.36,3.24
393,Tyler Blackett,CIN,2022,1504,676,9.17,22.66,11.06
351,Tyler Pasher,HOU,2022,714,217,5.05,16.34,-1.46
552,Tyler Wolff,ATL,2022,266,74,-5.26,20.75,0.76
492,Uri Rosell,SKC,2022,1004,552,-11.07,21.35,3.59
685,Victor Bezerra,CHI,2022,72,15,-0.64,16.56,5.26
412,Victor Pálsson,DCU,2022,939,400,-13.54,20.44,5.10
465,Victor Ulloa,MIA,2022,457,209,-5.47,16.41,3.42
171,Víctor Vázquez,LAG,2022,1270,911,40.41,19.25,3.59
127,Victor Wanyama,MTL,2022,2913,1619,9.14,19.92,4.40
593,Vuk Latinovich,NYC,2022,284,200,0.81,22.44,7.87
133,Walker Zimmerman,NSH,2022,2784,1454,16.70,24.37,10.31
622,Washington Corozo,ATX,2022,70,20,0.88,15.43,-1.78
668,Wikelman Carmona,NYRB,2022,53,15,1.47,12.44,-2.04
463,Wil Trapp,MIN,2022,2288,1186,22.39,20.34,5.72
587,Wilder Cartagena,ORL,2022,371,180,-0.29,20.60,5.60
443,Wilfrid Kaptoum,NER,2022,1155,525,-10.73,18.70,3.13
225,Will Bruin,SEA,2022,982,216,-4.41,12.79,-0.69
82,William Agada,SKC,2022,1002,155,-7.70,16.00,-2.19
649,William Richmond,SJE,2022,56,22,-3.56,15.16,-2.98
554,William Sands,CLB,2022,729,290,-2.28,17.46,2.20
363,Wyatt Omsberg,CHI,2022,1376,611,-12.05,25.77,11.80
457,Xavier Arreaga,SEA,2022,2355,1225,16.24,23.63,8.17
26,Xherdan Shaqiri,CHI,2022,2456,1317,-6.86,20.23,4.65
182,Yaw Yeboah,CLB,2022,891,246,-0.45,16.30,0.92
367,Yeimar Gómez Andrade,SEA,2022,2532,1361,2.70,21.98,8.06
63,Yimmi Chará,POR,2022,2998,1404,23.52,18.07,2.41
179,Yordy Reyna,CLT,2022,933,318,5.15,19.24,1.52
266,Yuya Kubo,CIN,2022,1495,639,13.64,20.32,4.42
298,Zac McGraw,POR,2022,1225,446,-4.49,22.13,5.75
535,Zach Ryan,NYRB,2022,69,16,-1.13,13.73,-0.03
240,Zachary Brault-Guillard,MTL,2022,731,382,-1.84,17.61,0.85
337,Zan Kolmanic,ATX,2022,1187,794,-17.38,21.62,4.32
631,Zarek Valentin,HOU,2022,403,234,-4.02,20.91,1.88
433,Zeca,HOU,2022,1263,772,18.98,18.51,3.08
703,Zico Bailey,CIN,2022,88,36,-1.92,15.12,1.78
534,Zorhan Ludovic Bassong,MTL,2022,232,122,1.60,16.80,1.79